seq,company_name,type,primary_email,alt_emails,phone,website,email_raw,flags,status
1,100 Plus,F&B,carie_goh@fn.com.my,,03- 5101 4288 / 03- 5101 3946,https://100plus.com.my/,carie_goh@fn.com.my,,ready
2,A&W MALAYSIA,F&B,marketing@anwmalaysia.com.my,,60351316600,https://anwmalaysia.com.my/anw-malaysia/,marketing@anwmalaysia.com.my,,ready
3,ACCCIM SERC Trust,Government / Foundations / NGOs,serc@acccimserc.com,,603-4260 3116/3119,https://www.acccimserc.com/research,serc@acccimserc.com,,ready
4,Adidas Malaysia,Sports & Fitness,support-en@onlineshop.adidas.com.my,,603-40656996,https://www.adidas.com.my/en/help/sea-contact/contact-us,support-en@onlineshop.adidas.com.my,,ready
5,Aeon Big,Retail / Lifestyle,feedback@aeonretail.com.my,,ed1i-t3.c0o0m-8.0m-2y 3/6 s6e e/ d1p-3a0c0k-@80a-e2o3n9r9e t/a 0il.1c8o9m4.2m4y280,https://aeongroupmalaysia.com/,feedback@aeonretail.com.my / acsm_csr@aeoncr,DUPLICATE_EMAIL,ready
6,Ahmad Zaki Resources Berhad,Corporate / Finance,azrb@azrb.com,,"60326987171, 0123230267, 0123230270, 0123230","4h9t2tp, 0s1:/2/w32w3w0.4a2z1rb.com/contact-us",azrb@azrb.com,,ready
7,Ajinomoto Malaysia – Amino Vital,F&B,corporate@ajikl.com.my,,03-7980 6958,https://www.ajinomoto.com.my/brands/retail-product/aminovital,corporate@ajikl.com.my,,ready
8,Al-Ikhsan Sports,Sports Equipment / Apparel,customer.service@al-ikhsan.com,,1800 22 8188,https://al-ikhsan.com/pages/contact,customer.service@al-ikhsan.com,,ready
9,Alif Cooking Oil / Sime Darby,Corporate / Finance,sdfoods@sdguthrie.com,,03 7848 4000,https://www.sdguthrie-professional.com/alif/alif-cooking-oil,sdfoods@sdguthrie.com,,ready
10,Amanah Ikhtiar Malaysia,Government / Foundations / NGOs,ikhtiar@aim.gov.my,,03-38681987,https://www.aim.gov.my/aduan,ikhtiar@aim.gov.my,,ready
11,Apollo Food Holdings Bhd,F&B,apollof@apollofood.com.my,,07-2365096/07-2365097,https://www.apollofood.com.my/get-in-touch/,apollof@apollofood.com.my,,ready
12,Arena Malaysia,Sports & Fitness,sales@21beyond.com.my,,60 3-5525 9999,https://arenagroup.com/my/contact/,sales@21beyond.com.my,,ready
13,ASICS Malaysia,Sports & Fitness,customers-my@asics.com,,,https://www.asics.com/my/en-my/contact,customers-my@asics.com,,ready
14,Astaka Padu Sdn Bhd,Property / Developer,ir@astaka.com.my,,07-231 5457,https://astaka.com.my/,ir@astaka.com.my,,ready
15,Axiata Foundation,Corporate / Finance,axiatafoundation@axiata.com,,,https://www.axiata-foundation.com/contact-us,axiatafoundation@axiata.com,,ready
16,Bambusa Foundation,Government / Foundations / NGOs,bambusafoundation@gmail.com,,011 29078007,https://www.bambusafoundation.org/,bambusafoundation@gmail.com,FREEMAIL,ready
17,Ban Heang,F&B,banheang@gmail.com,,04 229 5018,https://banheang.com.my/,banheang@gmail.com,FREEMAIL,ready
18,Batik Air,Travel / Hospitality,od_customercare@batikair.com.my,,+603 78415 388 / Whatsapp: +62 811-1938-0888,https://www.batikair.com.my/contact-us/call-center,od_customercare@batikair.com.my,DUPLICATE_EMAIL,ready
19,Berjaya Hotels & Resorts,Travel / Hospitality,klso.rsvn@berjayahotel.com,,"+60321410088, +6018 788 8703",https://www.berjayahotel.com/penang,klso.rsvn@berjayahotel.com,,ready
20,Big Pharmacy,Sports Medicine / Health,enquiry@bigpharmacy.com.my,,,https://www.bigpharmacy.com.my/corporate/contact-us,enquiry@bigpharmacy.com.my,,ready
21,Biore UV,Sun Care / Skincare,kaocare@kao.com.my,,03-79574488,https://www.kao.com/my/,kaocare@kao.com.my,DUPLICATE_EMAIL,ready
22,Boost Juice Malaysia,F&B,boostinternational@boostjuice.com,,61 (3) 9508 4409,https://www.boostjuicebars.com.my/,BoostInternational@boostjuice.com,,ready
23,CACTUS MARKETING SDN BHD,F&B,order@cactusmarketing.com.my,,03-5614 4466,https://cactusmarketing.com.my/contact/,order@cactusmarketing.com.my,,ready
24,Claire Organics,Sun Care / Skincare,helloclaire@claire.my,,018-911172,https://www.claire.my/,helloclaire@claire.my,,ready
25,Clinelle UV Defense,Sun Care / Skincare,info@clinelle.com,,03-7809 6623,https://clinelle.com/products/uv-defense-spf50,info@clinelle.com,,ready
26,Coca-Cola Far East Limited,F&B,ombennis@coca-cola.com,,06-7985100 / 1-800-88-2653,https://www.coca-cola.com/us/en/about-us/contact-us,ombennis@coca-cola.com,,ready
27,Coffee Bean & Tea Leaf,F&B,comments@coffeebean.com.my,,"60392001822, 60392001833",https://coffeebean-my.zendesk.com/hc/en-us/requests/new,comments@coffeebean.com.my,,ready
28,COOLBLOG,F&B,info@coolblog.com.my,,1700-81-9066,https://www.coolblog.com.my/contact-us,info@coolblog.com.my,,ready
29,Counterpain,Sports Medicine / Health,kaocare@kao.com.my,,03-7958 1077,https://www.counterpain.com.my/,kaocare@kao.com.my,DUPLICATE_EMAIL,ready
30,COWAY (MALAYSIA) SDN.BHD,Corporate / Finance,cowayofficialmalaysia@gmail.com,,392008833,https://www.coway.com.my/,cowayofficialmalaysia@gmail.com,FREEMAIL,ready
31,D8 Malaysia Foundation,Government / Foundations / NGOs,d8cefc@alhidayahgroup.com,,"60341481503, 60341424780",Strategic Partners - D8-CEFC,d8cefc@alhidayahgroup.com,,ready
32,Decathlon Malaysia,Sports & Fitness,decathlon.malaysia@decathlon.com,,60173698663 / 03-79322259,https://www.decathlon.my,decathlon.malaysia@decathlon.com,,ready
33,Dermalogica Malaysia,Sun Care / Skincare,hotline@dermalogica.com.my,,60378096622,https://dermalogica.com.my/pages/contact-us,hotline@dermalogica.com.my,,ready
34,Dutch Lady Malaysia,F&B,dutchladycareline@frieslandcampina.com,,1800-81-3855,https://www.smartmoments.com.my/en/,dutchladycareline@frieslandcampina.com,,ready
35,ECO world,Property / Developer,corp@ecoworld.my,,03-21104255,https://ecoworld.my/,corp@ecoworld.my,,ready
36,Elgini,F&B,customercare@elgini.com,,"04-5936785, 017-843 3960",Contact Us – Elgini Sdn. Bhd.,customercare@elgini.com,,ready
37,Enviromental Idaman,Government / Foundations / NGOs,info@e-idaman.com,,"04-7711320, 1-800-88-7472",https://e-idaman.com/,info@e-idaman.com,,ready
38,Epro Kinesiology Tape,Sports Medicine / Health,enquiry.coreblue@gmail.com,,60380516036,www.eprotape.com.my,enquiry.coreblue@gmail.com,FREEMAIL,ready
39,Eva Air,Travel / Hospitality,prd@evaair.com,csr@evaair.com,03-2181 1122,https://www.evaair.com/en-global/index.html,prd@evaair.com / csr@evaair.com,MULTIPLE_EMAILS,ready
40,Farm Fresh Berhad,F&B,custsvc@farmfreshmilk.com.my,,1-800-88-1228,https://shop.farmfresh.com.my/,custsvc@farmfreshmilk.com.my,,ready
41,First Pavilion Sdn Bhd,Property / Developer,info@fpgberhad.com,,60348166106,https://fpgberhad.com/get-in-touch/,info@fpgberhad.com,,ready
42,Focus Point Caring Hearts Charity Fo,uCndoarptioornate / Finance,online@focus-point.com,,60378805520,https://www.focus-point.com.my/caring-hearts-foundation,online@focus-point.com,,ready
43,Fraser & Neave Holdings Bhd,F&B,groupcomms@fn.com.my,,603-9235 2288,https://www.fn.com.my/,groupcomms@fn.com.my,,ready
44,Gading Kencana,Corporate / Finance,hasnah@gadingkencana.com.my,,03 – 5513 9888,https://www.gadingkencana.com.my/,hasnah@gadingkencana.com.my,,ready
45,Gardenia,F&B,customer_service@gardenia.com.my,,03-55423228,https://www.gardenia.com.my/,customer_service@gardenia.com.my,,ready
46,Garmin Malaysia,Sports & Fitness,marketing.asia@garmin.com,,1-800-81-6357,https://www.garmin.com.my/support/,marketing.asia@garmin.com,,ready
47,Gatorade Malaysia,F&B,customercareline@etikaholdings.com,,1300-30-1300,Contact Us \1,customercareline@etikaholdings.com,DUPLICATE_EMAIL,ready
48,Getha,Retail / Lifestyle,ask@getha.com.my,,1800-88-43842,https://getha.com.my/,ask@getha.com.my,,ready
49,GIGI COFFEE SDN.BHD,F&B,customercare@gigicoffee.com,,603 5567 0099,https://www.gigicoffee.com/contact-us/,customercare@gigicoffee.com,,ready
50,Golden Pharos Berhad,Property / Developer,info@gpb.com.my,,09 630 1330,https://goldenpharos.com.my/,info@gpb.com.my,,ready
51,Guardian Malaysia,Sports Medicine / Health,guardian.my@dfiretailgroup.com,,03-27777100,https://guardian.com.my/contact-us,guardian.my@dfiretailgroup.com,,ready
52,High 5 Sports Nutrition,Sports Medicine / Health,enquiry@hobbies-sports.my,,016 2133 403,https://www.hobbies-sports.my/collections/high5-sports-nutrition,enquiry@hobbies-sports.my,,ready
53,Hilton Hotels Malaysia,Travel / Hospitality,customerservice.kl@hilton.com,,60 3-2264 2264,https://www.hilton.com/en/hotels/kulhihi-hilton-kuala-lumpur/,customerservice.kl@hilton.com,,ready
54,Hockey Store Malaysia (OBO & DITA,diSsptroibrtust oErq)uipment / Apparel,obofieldhockey@gmail.com,,03-40444131,https://www.hockeystore.my/,obofieldhockey@gmail.com,FREEMAIL,ready
55,Homevest Foundation,Government / Foundations / NGOs,hello@homevestglobal.com,,03-6151 8180,https://www.homevestglobal.com,hello@homevestglobal.com,,ready
56,Hong Leong Foundation,Corporate / Finance,hongleongfoundation@gmail.com,,03-20201617 / 03-20201619,https://www.hongleongcsr.org/index.php/contact-us,hongleongfoundation@gmail.com,FREEMAIL,ready
57,Hup Seng Industries Berhad,F&B,shirleytio@hupseng.com,,60340435750,https://www.hsib.com.my/,shirleytio@hupseng.com,,ready
58,Ice Mountain water,F&B,fn.support@fn.com.my,,60 1800-88-1988,https://www.fn.com.my/contact-us/,fn.support@fn.com.my,,ready
59,IIUM Alumni Foundation,Government / Foundations / NGOs,alumni@iium.edu.my,,603-6421-6301,https://division.iium.edu.my/ard/iium-alumni-scholarship-and-financia,alumni@iium.edu.my,,ready
60,Iltizam by Ekuinas,Corporate / Finance,info@ekuinas.com.my,,03-7710 7171,https://iltizam.ekuinas.com.my/,info@ekuinas.com.my,,ready
61,Ingress Corporation Berhad,Corporate / Finance,enquiry@ingresscorp.com.my,,03-7725 5565,https://www.ingresscorp.com.my/contact-us,enquiry@ingresscorp.com.my,,ready
62,Invest Asia Foundation,Corporate / Finance,malaysia.general@asiafoundation.org,,60322820385,https://asiafoundation.org/where-we-work/malaysia/,malaysia.general@asiafoundation.org,,ready
63,JCKL Charitable Foundation,Government / Foundations / NGOs,office@jckl.org.my,,60322742274,https://www.jckl.org.my/en/contact_us,office@jckl.org.my,,ready
64,Julie’s,F&B,crm@julies.com.my,,06 – 556 1401,https://julies.com.my/,crm@julies.com.my,,ready
65,Kakijersi,Sports Equipment / Apparel,mail@kakijersi.com,,012-595 9582,https://kakijersi.com/kj-store/,mail@kakijersi.com,,ready
66,Kopa Group,Corporate / Finance,hello@kopaviation.my,,60378319312,https://kopa001.mystrikingly.com/corporate-purpose,hello@kopaviation.my,,ready
67,Koperasi Tunas SG ARA,Government / Foundations / NGOs,mail@tunasmuda.com.my,,04-643 8515,https://tunasmuda.com.my/,mail@tunasmuda.com.my,,ready
68,Kuckreja,Sports Equipment / Apparel,info@kuckrejas.com,,60362755500,https://www.kuckrejas.com/,info@kuckrejas.com,,ready
69,Kuok Foundation,Government / Foundations / NGOs,general@kuokfoundation.com,,603-27118428,https://kuokfoundation.com/contact-us/,general@kuokfoundation.com,,ready
70,Lee Partner Foundation,Government / Foundations / NGOs,contact@leepartners.my,,03 7728 7001 / 03 7731 1320,https://www.leepartners.my/,contact@leepartners.my,,ready
71,Li-Ning Malaysia,Sports & Fitness,lining.my@sunlightsports.my,,011-18868822,https://www.lining.my/,lining.my@sunlightsports.my,,ready
72,Lion Parkson Foundation,Government / Foundations / NGOs,corpcomm@lion.com.my,,(03) 2142 0155,https://lionind.com.my/lpf/Home/Content,corpcomm@lion.com.my,,ready
73,Malaysia Airlines,Travel / Hospitality,customer@malaysiaairlines.com,,aa1i-r3li0n0e-s8.8co-3m000 / 603 7843 3000,https://www.malaysiaairlines.com/my/en/home.html,customer@malaysiaairlines.com / enrich@malaysi,,ready
74,Malaysia Game Changer Foundation,Government / Foundations / NGOs,admin@mgcf.com.my,,012 979 0464 / 012 813 9168,https://mgcf.com.my/#contact,admin@mgcf.com.my,,ready
75,MALAYSIA HOCKEY CONFEDERATIO,NSports,ceo@hockeymalaysia.org,,03 8998 6195,About MHC - Malaysian Hockey Confederation,ceo@hockeymalaysia.org,,ready
76,Malaysian Community Education Fo,unGdoavtieornnment / Foundations / NGOs,enquiry@mcef.com.my,,60322735179,https://www.mcef.com.my/,enquiry@mcef.com.my,,ready
77,Malindo Air,Travel / Hospitality,od_customercare@batikair.com.my,,603-7841-5388,https://www.batikair.com.my/,od_customercare@batikair.com.my,DUPLICATE_EMAIL,ready
78,Maxis,Corporate / Finance,customercare@maxis.com.my,,1-800-82-1123,https://www.maxis.com.my/en/contact-us/,customercare@maxis.com.my,,ready
79,Maybank Foundation,Corporate / Finance,mf.inquiry@maybank.com,maybankf01@gmail.co,m03-2070 8833,https://www.maybankfoundation.com/index.php/get-involved,mf.inquiry@maybank.com / maybankf01@gmail.co,MULTIPLE_EMAILS,ready
80,Medilabz Signature,Sports Medicine / Health,medilabzpg@medilabz.com.my,,6045059045,https://www.medilabz.com.my/contacts/,medilabzpg@medilabz.com.my,,ready
81,MEDIVEST SDN. BHD,Corporate / Finance,custsvc@medivest.com.my,,60320921000,https://www.medivest.com.my/,custsvc@medivest.com.my,,ready
82,mikasa,Sports & Fitness,volleynation0214@gmail.com,,011-26953397,https://sfsports.my/brand/mikasa,volleynation0214@gmail.com,FREEMAIL,ready
83,Mister Potato,F&B,careline@mamee.com.my,,606-231 6362,https://mamee.com/our-worlds/snacks/mister-potato/,careline@mamee.com.my,,ready
84,Mizuno Malaysia,Sports & Fitness,support_my@my.mizuno.com,,,https://mys.mizuno.com/,support_my@my.mizuno.com,,ready
85,MR.D.I.Y. (TRADING) SDN BHD,Retail / Lifestyle,enquiry@mrdiy2u.com,,03-8961 1338,https://www.mrdiy.com/,enquiry@mrdiy2u.com,DUPLICATE_EMAIL,ready
86,MRCB,Property / Developer,corpcomms@mrcb.com,,60327868080/ 60328597014,https://www.mrcb.com.my/,corpcomms@mrcb.com,,ready
87,MST Golf,Sports Equipment / Apparel,cs@mstgolf.com,,03-5566 8666,https://mstgolf.com/pages/contact-us,cs@mstgolf.com,,ready
88,MUNCHWORLD MARKETING SDN.B,HDF&B,contactus@ctos.com.my,munchys@munchys.co,m603-3344 7888,https://ctoscredit.com.my/contact-us/,contactus@ctos.com.my / munchys@munchys.co,MULTIPLE_EMAILS,ready
89,MyDocLab,Sports Medicine / Health,support@mydoclab.com,partners@mydoclab.com,013-624 5400,https://www.mydoclab.com/,support@mydoclab.com/ partners@mydoclab.com,MULTIPLE_EMAILS,ready
90,Myrahub Foundation,Government / Foundations / NGOs,admin@myrahub.com,,607-2441277,https://myrahubcom.rntechnologies.com.my/index.php/guest/progra,admin@myrahub.com,,ready
91,Nama Foundation,Government / Foundations / NGOs,info@namafoundation.org,,0321816646 / 0321816648,https://namafoundation.org/,info@namafoundation.org,,ready
92,NationGate,Corporate / Finance,corporate@nationgateholdings.com,,04-398 9001 / 04-398 9002,https://nationgate.com.my/contact/,corporate@nationgateholdings.com,,ready
93,Neobun,Sports Medicine / Health,info@gicaresdnbhd.com.my,,604 – 730 8089 6012 – 995 8089,About-us – GICARE SDN BHD,info@gicaresdnbhd.com.my,,ready
94,Nivea Malaysia,Sun Care / Skincare,contactus-my@unilever.com,,603-79578177,https://www.nivea.com.my/en-my,contactus-my@unilever.com.,TRAILING_DOT_FIXED,ready
95,Oval Success Sdn Bhd,Corporate / Finance,ovallsuccess@gmail.com,,03-4141 8834,https://ovalsuccess.com.my/,ovallsuccess@gmail.com,FREEMAIL,ready
96,PADINI HOLDINGS BERHAD,Retail / Lifestyle,ccr@padini.com,,03 5021 0600,https://www.padini.com/contacts,ccr@padini.com,,ready
97,Pecca Group Berhad Foundation,Government / Foundations / NGOs,corporate@peccaleather.com,,603 6275 1800 603 6275 3800,Contact Us \1,corporate@peccaleather.com,,ready
98,PELITA GROUP,F&B,psp@pelita.com.my,,04 - 398 0275/ 04 - 397 5532,https://www.pelita.com.my/contact-us.php,psp@pelita.com.my,,ready
99,Penang Development Corporation (P,DCG)overnment / Foundations / NGOs,enquiry@pdc.gov.my,,04-510 6111,https://www.pdc.gov.my/index.php/en/,enquiry@pdc.gov.my,,ready
100,Penang Future Foundation,Government / Foundations / NGOs,info@penangfuturefoundation.my,,60 4-646 8833,https://penangfuturefoundation.my/contact-us/,info@penangfuturefoundation.my,,ready
101,Penang Hill Corporation,Government / Foundations / NGOs,inquiries@penanghill.gov.my,,04-828 8880 / 604 8288880,https://corporate.penanghill.gov.my/index.php/en/,inquiries@penanghill.gov.my,,ready
102,Penang Port (MMC Group),Corporate / Finance,info@penangport.com.my,,04-375 2400,https://www.penangport.com.my/,info@penangport.com.my,,ready
103,PNB (Permodalan Nasional Berhad),Corporate / Finance,info@pnb.com.my,,03 - 2639 3118,https://www.pnb.com.my/ms,info@pnb.com.my,,ready
104,Powerade Malaysia,F&B,customercareline@etikaholdings.com,,03 7717 6200,https://www.powerade.com/home,customercareline@etikaholdings.com,DUPLICATE_EMAIL,ready
105,PRINTCIOUS,Retail / Lifestyle,ask@printcious.com,,0126479294,https://www.printcious.com/my/sponsorship-program,ask@printcious.com,,ready
106,Proviton STR,Sports Medicine / Health,support@provitonstr.com,,(+603) 8924 2188,https://provitonstr.com/,support@provitonstr.com,,ready
107,Prudence Foundation,Corporate / Finance,prudencefoundation@prudential.com.hk,,,www.prudencefoundation.com,prudencefoundation@prudential.com.hk,,ready
108,Puma Malaysia,Sports Equipment / Apparel,service@sea.puma.com,,1800-819-821,https://my.puma.com/my/en/Contact_Us.html,service@sea.puma.com,,ready
109,QUEENSBAY MALL,Retail / Lifestyle,talk2us@queensbaymall.com.my,,04-6468888 / +04-6198999 / (604) 646 8888,https://www.queensbaymallmalaysia.com/,talk2us@queensbaymall.com.my,,ready
110,RAMLY BURGER,F&B,support@ramly.com,,03 - 6178 1475,https://www.ramly.com.my/,support@ramly.com,,ready
111,REALME,Corporate / Finance,service.my@realme.com,,ai1l.8co0m0-8)1-8018,Contact realme \1,service.my@realme.com (branding.realmemy@gm,,ready
112,Red One Sdn Bhd,Travel / Hospitality,careline@redone.com.my,,011 5500 1909 / 1300 11 0088*,https://www.redonemobile.com.my/ms/,careline@redone.com.my,,ready
113,REDBULL MALAYSIA,F&B,admin@redbull-malaysia.com.my,,,https://www.redbull.com.my/contact,admin@redbull-malaysia.com.my,,ready
114,RHB BANK (L) LTD,Corporate / Finance,customer.service@rhbgroup.com,,03-9206 8118,https://www.rhbgroup.com/index.html,customer.service@rhbgroup.com,,ready
115,Rimbun Foundation,Government / Foundations / NGOs,enquiry@rimbun.com.my,,03 – 2282 8281,https://rimbun.com.my/rimbun-foundation/,enquiry@rimbun.com.my,,ready
116,Royal Bank of Canada,Corporate / Finance,azlina.zainal@rbc.com,,603-8686 3522,https://rbc.sponsor.com/form?pid=0&cid=743561,azlina.zainal@rbc.com,,ready
117,ROYALE CHULAN PENANG,Travel / Hospitality,info@royalechulan-penang.com,,04-259 8888,Royale Chulan Penang,info@royalechulan-penang.com,,ready
118,SAJI,F&B,careline@fgvholdings.com,,6012 385 0505,https://www.fgvholdings.com/,careline@fgvholdings.com,,ready
119,SAMSUNG MALAYSIA ELECTRONIC,S SCDoNrp.BorHaDte / Finance,myenquiries@samsung.com,,1-800-22-8899 / 1-800-88-9999,https://www.samsung.com/my/,myenquiries@samsung.com,,ready
120,SEA MASTER,F&B,rowatermalaysia@me.com,,039076 8826,https://www.rowater.com.my/contact.htm,rowatermalaysia@me.com,FREEMAIL,ready
121,SECRET RECIPE,F&B,franchise@secretrecipe.com.my,,tr0e3c i7p4e9.c0o 2m0.6m3y / marketing@secretrecipe.com.my,https://www.secretrecipe.com.my/contact,franchise@secretrecipe.com.my / feedback@secre,,ready
122,SHELL CORPORATION,Corporate / Finance,generalpublicenquiries-my@shell.com,,04-331 5111,https://www.shell.com.my/,generalpublicenquiries-my@shell.com,,ready
123,Skechers,Sports Equipment / Apparel,inquiry@skechersmal.com,,60327791333,https://www.skechers.com.my/,Inquiry@skechersmal.com,,ready
124,Smart Financing,Corporate / Finance,general@smartfinancingco.com,,012-707 9488,https://smartfinancingco.com/,General@smartfinancingco.com,,ready
125,SP Setia Foundation,Government / Foundations / NGOs,setiacare@spsetia.com,,"60393882638, 60333448800, 60333443232",https://spsetia.com/contact-us/,setiacare@spsetia.com,,ready
126,Speedo Malaysia,Sports & Fitness,customerservice@ikonic.com.my,,603 55694252,https://speedomalaysia.com/,customerservice@ikonic.com.my,,ready
127,SPORTS DIRECT MALAYSIA,Sports Equipment / Apparel,cs@sportsdirect.com,,60 3-5614 9700,sportsdirect.com.my,cs@sportsdirect.com,,ready
128,Sports Paragon Malaysia,Sports & Fitness,info@sportsparagon.com,,016-2205082,https://www.sportsparagon.com/contact-us/,info@sportsparagon.com,,ready
129,Sunplay (Rohto-Mentholatum Malays,iaS)un Care / Skincare,inquiry@mentholatum.com.my,,03 22414889,https://sunplay.com.my/,INQUIRY@MENTHOLATUM.COM.MY,,ready
130,Sunshine Brand Sdn Bhd,F&B,jy@sunshine.com.my,,038062 4663,https://sunshine.com.my/,jy@sunshine.com.my,,ready
131,SURIA PEST CONTROL SDN.BHD,Sun Care / Skincare,admin@suriapestcontrol.com,,019-4473844/ 04-324 3844,Contact,admin@suriapestcontrol.com,,ready
132,Suunto (M) Sports Technology Sdn.,BhSdports & Fitness,hustomerservice@aladve.com,,60 11-3719 9606,https://www.suunto.com/Support/Service-Centers/,hustomerservice@aladve.com,,ready
133,Synergy Sunner,Corporate / Finance,synergyprints@gmail.com,,6045060764,https://sunnersynergy.com.my/,synergyprints@gmail.com,FREEMAIL,ready
134,Tabung Amanah Sultan Kedah,Government / Foundations / NGOs,info@taskedah.org,,60 17 338 5325,https://taskedah.org/hubungi-kami/,info@taskedah.org,,ready
135,The Habitat Foundation,Government / Foundations / NGOs,thf@habitatfoundation.org.my,,04 – 294 3755,https://www.habitatfoundation.org.my/,thf@habitatfoundation.org.my,,ready
136,TM (Telekom Malaysia),Corporate / Finance,sustainability@tm.com.my,,603-2240 9494,www.tm.com.my,sustainability@tm.com.my,,ready
137,TOP GLOVE CORPORATION BERHAD,Corporate / Finance,sales@topglove.com.my,,03 3362 3098,https://www.topglove.com/corporate-information,sales@topglove.com.my,,ready
138,Under Armour Malaysia,Sports Equipment / Apparel,customercare.my@underarmour.com,,1800-806890,https://www.underarmour.com.my/en-my/t/contact-us.html,customercare.my@underarmour.com,,ready
139,US PIZZA,F&B,info@uspizza.my,,1300-22-3838,https://uspizza.my/,info@uspizza.my,,ready
140,Vantris Energy,Corporate / Finance,helpdesk@sapuraenergy.com,,03-6415-9900,https://vantrisenergy.com/,helpdesk@sapuraenergy.com,,ready
141,Vita Health,Sports Medicine / Health,enquiries@vitahealth.com.my,,"60355692393, 1800-18-3288",contact – Vitahealth Connection,enquiries@vitahealth.com.my,,ready
142,VOLVO CAR MALAYSIA SDN.BHD,Corporate / Finance,mycare@volvocars.com,,tel:1800-88-1728,https://www.volvocars.com/my/,mycare@volvocars.com,,ready
143,Wardah Sun Care,Sun Care / Skincare,customercare@paracorpgroup.com,,03-8738 6041,www.wardahbeauty.com,customercare@paracorpgroup.com.,TRAILING_DOT_FIXED,ready
144,Watsons Malaysia,Retail / Lifestyle,hello@watsons.com.my,,1300 880 847,https://www.watsons.com.my/,hello@watsons.com.my,,ready
145,Wildan Milk,F&B,wildanniaga@gmail.com,,132229803,https://wildan.com.my/,wildanniaga@gmail.com,FREEMAIL,ready
146,YAKULT (MALAYSIA) SDN.BHD,F&B,customerservice@yakult.com.my,,03 5569 8960 / wsp 012 361 9958,https://yakult.com.my/contact/,customerservice@yakult.com.my,,ready
147,Yayasan Bank Rakyat,Government / Foundations / NGOs,info@yayasanbankrakyat.com.my,,60326129600,https://www.yayasanbankrakyat.com.my/,info@yayasanbankrakyat.com.my,,ready
148,Yayasan Daya Diri,Government / Foundations / NGOs,info@ydd.org.my,,03 – 2380 6430,https://ydd.org.my/,info@ydd.org.my.,TRAILING_DOT_FIXED,ready
149,Yayasan Ehwal Siswazah,Government / Foundations / NGOs,yayasansiswazah@gmail.com,,016-2764402,https://yayasanyes.com/,yayasansiswazah@gmail.com,FREEMAIL,ready
150,Yayasan Felda,Government / Foundations / NGOs,yayasan@felda.net.my,,03-2693 4224,https://www.yayasanfelda.org/,yayasan@felda.net.my,,ready
151,Yayasan Hasanah,Government / Foundations / NGOs,connect@hasanah.org.my,,60358704333,https://yayasanhasanah.org/contact-us/,connect@hasanah.org.my,,ready
152,Yayasan MyKasih,Government / Foundations / NGOs,info@mykasih.com.my,,(603) 7720 1888,https://www.mykasih.com.my/,info@mykasih.com.my,,ready
153,Yayasan Negeri Sembilan,Government / Foundations / NGOs,admin@yns.gov.my,,06-762 8046,https://www.yns.gov.my/v7/ms/hubungi-kami/perkhidmatan,admin@yns.gov.my,,ready
154,Yayasan Petronas,Government / Foundations / NGOs,yayasanpetronas@petronas.com,,03-2392 9541,https://www.yayasanpetronas.com.my/,yayasanpetronas@petronas.com,,ready
155,Yayasan Prihatin Nasional,Government / Foundations / NGOs,info@yayasanprihatin.com,,03-3358 8612,https://www.yayasanprihatin.com/ms/,info@yayasanprihatin.com,,ready
156,Yayasan Selangor,Government / Foundations / NGOs,info@yselangor.com,,03-7669 1100,https://yayasanselangor.org.my/hubungi-kami/,info@yselangor.com,,ready
157,Yayasan Sime Darby,Government / Foundations / NGOs,ysdinfo@simedarby.com,,60376237111,Contact Us \1,ysdinfo@simedarby.com,,ready
158,Yayasan Tenaga Nasional,Government / Foundations / NGOs,infoytn@tnb.com.my,,03-89247500,https://ytn.tnb.com.my/,infoytn@tnb.com.my,,ready
159,Yayasan Terengganu,Government / Foundations / NGOs,info@yt.gov.my,,09-6211800,www.yt.gov.my,info@yt.gov.my,,ready
160,Yayasan Tun Razak,Government / Foundations / NGOs,harith@yayasantunrazak.org.my,,03-2166 6006,https://yayasantunrazak.org.my/utama/,harith@yayasantunrazak.org.my,,ready
161,Yayasan UEM,Government / Foundations / NGOs,yayasanuem@uemnet.com,,03-6460 1234,https://www.uem.com.my/yayasan-education-scholarship.html,yayasanuem@uemnet.com,,ready
162,Yayasan Wilayah Persekutuan,Government / Foundations / NGOs,info@yayasanwp.org.my,,03 2698 3073 / 03 2698 2073,https://www.yayasanwp.org/contact,info@yayasanwp.org.my,,ready
163,YEO HIAP SENG (MALAYSIA) SDN.B,HDF&B,publicrelations@yeos.com,,60355228000,https://yeos.com.my/contact-us/,publicrelations@yeos.com,,ready
164,Zebra Technologies,Tech / Audio,zebraapacmarketingsea@zebra.com,,04-297 3000 / 1 800 81 6738 / 03 7724 9607,https://www.zebra.com/ap/en.html,zebraapacmarketingsea@zebra.com,,ready
165,Zus coffee,F&B,zcm-support@zuscoffee.com,,,https://zuscoffee.com/,zcm-support@zuscoffee.com,,ready
166,Bioderma Malaysia,Skin care,enquiry@bioderma.com.my,,,https://www.bioderma.com.my/contact-us,enquiry@bioderma.com.my,,ready
167,Safi Malaysia,Skin care,enquiry@wipro-unza.com,,1-800-88-8867,https://safi.com.my/contact-us/,enquiry@wipro-unza.com,,ready
168,Aiken Malaysia,Skin care,customerservice@wipro-unza.com,,1800-888-867,https://aiken.com.my/,customerservice@wipro-unza.com,,ready
169,Starhill Gallery,Shopping Mall,,,6018 309 1955,ytlland.com,Not in source,NO_EMAIL,needs_review
170,Jason's Food Hall,Retail / Supermarket,,,012-639 9438,jasonsfoodhall.com.my,Not in source,NO_EMAIL,needs_review
171,3M Nexcare Malaysia,Sports Medicine / Health,,,60378842888,https://www.3m.com.my/3M/en_MY/company-my/help-center/,Not in source,NO_EMAIL,needs_review
172,7-Eleven Malaysia,F&B,enquiry@7eleven.com.my,,03-2119 1711,,enquiry@7eleven.com.my,,ready
173,99 SPEED MART RETAIL HOLDINGS,BERReHtaAilD / Lifestyle,customer_service@99speedmart.com.my,,010-5000099,,customer_service@99speedmart.com.my,,ready
174,A1 Globe Foundation,Government / Foundations / NGOs,sales@a1globe.com.my,,"017-8184246 (hp), 06-8515850 (office)",,sales@a1globe.com.my,,ready
175,Adik Print,Media / Printing,,,019-2624959,Facebook / Instagram pages,Not in source,NO_EMAIL,needs_review
176,Agoda,Travel,biz@agoda.com,,03-20531870,,biz@agoda.com,,ready
177,Albukhary Foundation,Government / Foundations / NGOs,albukhary@foundation.my,,,https://www.albukharyfoundation.org,albukhary@foundation.my,,ready
178,Alpro Foundation,Government / Foundations / NGOs,alprofoundation1@gmail.com,,019-3881923,,alprofoundation1@gmail.com,FREEMAIL,ready
179,Aspen,Property / Developer,support@aspenpublishing.com,,60355618288,,support@aspenpublishing.com,,ready
180,Banana Boat Malaysia,Sun Care / Skincare,hello.bananaboatmalaysia@gmail.com,,,https://www.bananaboat.com/pages/contact-us,hello.bananaboatmalaysia@gmail.com,FREEMAIL,ready
181,BlackSire Foundation,Government / Foundations / NGOs,inquiries@blacksire.com,,,https://www.blacksire.com/find-us,inquiries@blacksire.com,,ready
182,Brooks,Sports Equipment / Apparel,info@brooksrunning.com.my,,03-55231213 / 03-55188466,,info@brooksrunning.com.my,,ready
183,CelcomDigi,Corporate / Finance,sustainability@celcomdigi.com,,,https://www.celcomdigi.com/,sustainability@celcomdigi.com,,ready
184,CreadoR Foundation,Government / Foundations / NGOs,mizran@creador.com,,03 2182 6888,,mizran@creador.com,,ready
185,Dermalene Sun Protection,Sun Care / Skincare,dermalene.malaysia@gmail.com,,,https://www.dermalene.com/product/heliocare-sunblock-360-water-g,dermalene.malaysia@gmail.com,FREEMAIL,ready
186,Rico Food Industries,F&B,info@lawngreen-weasel-345064.hostingersite.com,,,https://share.google/jLgcEYIg9kFXKionX,info@lawngreen-weasel-345064.hostingersite.com,SUSPICIOUS_DOMAIN,needs_review
187,Edifier Malaysia,Tech / Audio,support@inter-asia.com.my,,03 7880 4001,,support@inter-asia.com.my,,ready
188,Elken Foundation,Government / Foundations / NGOs,customerservice@elken.com,,60377833060,,customerservice@elken.com,,ready
189,Etika Sdn Bhd,F&B,,,1300-30-1300,https://www.etikaholdings.com/ETIKA%20html/Malaysia/ContactUs.h,Not in source,NO_EMAIL,needs_review
190,Firefly,Travel / Hospitality,customer_care@fireflyz.com.my,,03 7845 4543,,customer_care@fireflyz.com.my,,ready
191,Havela Singh S/o Thakardas Dharma,saGloavernment / Foundations / NGOs,,,60326910703,Senarai Yayasan Dibubar,Not in source,NO_EMAIL,needs_review
192,Hekta Property,Property / Developer,eservices@sshsb.com.my,,60362055570,,eservices@sshsb.com.my,,ready
193,Hockey Zone Malaysia,Sports Equipment / Apparel,,,013-502 0809,https://sparxhockey.com/pages/faq,Not in source,NO_EMAIL,needs_review
194,IOI Foundation,Corporate / Finance,yayasan@ioigroup.com,,03-89476605,,yayasan@ioigroup.com,,ready
195,Island Hospital (Penang),Sports Medicine / Health,,,04-238 3388,https://packages.islandhospital.com/,Not in source,NO_EMAIL,needs_review
196,Kenanga,Corporate / Finance,groupmarcomm@kenanga.com.my,,03 2172 2888,,groupmarcomm@kenanga.com.my,,ready
197,Kossan Foundation (Yayasan Kossan,)Government / Foundations / NGOs,kossan@kossan.com.my,,om60.m33y923013,,kossan@kossan.com.my / info@yayasankossan.c,,ready
198,LYL Group,Property / Developer,,,603-79313199,lylgroup.com.my,Not in source,NO_EMAIL,needs_review
199,MAESTRO SWISS INDUSTRIES SDN.,BFH&DB,,,tel:+6043337711,https://www.maestroswiss.com/,Not in source,NO_EMAIL,needs_review
200,Magnum Rotary Trust Malaysia,Government / Foundations / NGOs,,,603-2078 6233,www.magnumcares.my,Not in source,NO_EMAIL,needs_review
201,Marriott Hotels Malaysia,Travel / Hospitality,,,1800-81-5651,https://www.marriott.com/default.mi,Not in source,NO_EMAIL,needs_review
202,Mediven – Medical Innovation Ventu,reSsports Medicine / Health,customerservice@mediven.com.co,,-3052126,,customerservice@mediven.com.co,,ready
203,Nando’s,F&B,peri-peri@nandos.com.my,,,https://nandos.com.my/,peri-peri@nandos.com.my,,ready
204,Nike Malaysia,Sports Equipment / Apparel,,,1-800-80-6453,https://www.nike.com/my/,Not in source,NO_EMAIL,needs_review
205,Origina Juice Brand,F&B,,,03-32929533,https://originaperlis.weebly.com/,Not in source,NO_EMAIL,needs_review
206,Penang Youth Development Corpora,tioGnovernment / Foundations / NGOs,info@pydc.com.my,,012 401 0186,,info@pydc.com.my,,ready
207,Perbadanan Bandaraya Pulau Pinang,(GMoBvPePrn)ment / Foundations / NGOs,,,,https://www.mbpp.gov.my/ms/hubungi-kami/lokasi-peta,aduanatmbppdotgovdotmy,INVALID_EMAIL_TEXT|CHECK_MANUALLY,needs_review
208,Petrajaya Properties,Property / Developer,marketing@segoholdings.com,,6012 322 8860,,marketing@segoholdings.com.,TRAILING_DOT_FIXED,ready
209,Petron Malaysia Berhad,Corporate / Finance,,,03-20828400 / 8600,https://www.petron.com.my/,Not in source,NO_EMAIL,needs_review
210,PHILIPS MALAYSIA,Corporate / Finance,,,603 7965 7488,https://www.philips.com.my/c-w/support-home/support-contact-page,Not in source,NO_EMAIL,needs_review
211,Polar Malaysia,Sports & Fitness,sales@ourpolar.com,,60 13-234 8482,,sales@ourpolar.com,,ready
212,Ranhill Utilities,Corporate / Finance,info@ranhill.com.my,,07 224 4040,,Info@ranhill.com.my,,ready
213,Safetyware Group,Corporate / Finance,,,04-502 3882,https://safetyware.com/,Not in source,NO_EMAIL,needs_review
214,SkinSoul,Sun Care / Skincare,,,03-2858 6589,skinsoulrc.com,Not in source,NO_EMAIL,needs_review
215,SOLS Foundation,Government / Foundations / NGOs,comms@sols.foundation,,018 2121 247,,comms@sols.foundation,,ready
216,Sunway TES,Government / Foundations / NGOs,info@stesglobal.com,,03-5613 6288,,info@stesglobal.com,,ready
217,The Light Hotel Penang,Travel / Hospitality,info@thelighthotelpg.com,,04 382 1111,,info@thelighthotelpg.com,,ready
218,Tiger Balm Malaysia,Sports Medicine / Health,enquiry@tigerbalm.com,,,https://www.tigerbalm.com/,enquiry@tigerbalm.com,,ready
219,Tobaki Motor Parts,Retail / Lifestyle,,,04-9772553 / 0378314479 / 017-3055436,https://www.tobakiracing.com/,Not in source,NO_EMAIL,needs_review
220,TOUCH N GO SDN.BHD,Corporate / Finance,careline@touchngo.com.my,,03-2714 8888 / 03-5022 3888,,careline@touchngo.com.my,,ready
221,Traveloka,Travel / Hospitality,,,60340657137,traveloka.com/en-my/contactus/call-center,Not in source,NO_EMAIL,needs_review
222,TUPPERWARE BRANDS MALAYSIA,Retail / Lifestyle,allie88tupperware@yahoo.com,,016-7278620,,allie88tupperware@yahoo.com,FREEMAIL,ready
223,VITAGEN,F&B,feedback@mmsb.com.my,,03-79554388,,feedback@mmsb.com.my,,ready
224,Yayasan Amir,Government / Foundations / NGOs,info@yayasanamir.org.my,,,Yayasan AMIR,info@yayasanamir.org.my,,ready
225,Yayasan Generasi Gemilang,Government / Foundations / NGOs,info@gengemilang.org,,03 7803 0957,,info@gengemilang.org,,ready
226,YTL CORPORATION BERHAD,Corporate / Finance,ytlfoundation@ytl.com.my,,03-20380888,,ytlfoundation@ytl.com.my,,ready
227,Arun Spices,Spices Provider,info@arunspices.com,,04-5077737,,info@arunspices.com,,ready
228,Amari Spice,Hotel,sales.penang@amari.com,,604 683 1188,,sales.penang@amari.com,,ready
229,Prestige Hotel Penang,Hotel,enquiry@theprestige.com.my,,04-217 5888,,enquiry@theprestige.com.my,,ready
230,Golden Sands Resort - Penang,Resort,gsh@shangri-la.com,,04-886 1911,,gsh@shangri-la.com,,ready
231,Olive Tree Hotel Penang,Hotel,salesandmarketing@olivetreehotel.com.my,,04-637 7777,,salesandmarketing@olivetreehotel.com.my,,ready
232,Glass Museum Penang,Museum,ibox171@yahoo.com,,017-584 1017,,ibox171@yahoo.com,FREEMAIL,ready
233,Penang Batik Factory,Manufacturing / Tourism,pgbatik@gmail.com,,04-885 1284,,pgbatik@gmail.com,FREEMAIL,ready
234,Stallions Suite,Hotel / Accommodation,stallionspg@gmail.com,,04-656 0118,,stallionspg@gmail.com,FREEMAIL,ready
235,Pelabuhan Tanjung Pelepas Sdn Bhd,Port Authority,ccm@ptp.com.my,,607-504 2222,,ccm@ptp.com.my,,ready
236,Wifi Boutique Hotel,Hotel,enquiry@wifihotelpenang.com,,04-251 9888,,enquiry@wifihotelpenang.com,,ready
237,Yeng Keng Hotel,Hotel,reservations@yengkenghotel.com.my,,04-262 2177,,reservations@yengkenghotel.com.my,,ready
238,Tune Hotel George Town Penang,Hotel,enquiry@tunehotels.com,,04-227 5807,,enquiry@tunehotels.com,,ready
239,ADYA HOTEL LANGKAWI,Hotel,general@adyahotel.com,,04-960 8000,,general@adyahotel.com,,ready
240,Banana Boutique Hotel,Hotel,info@bananaboutiquepenang.com,,04-261 0718,,info@bananaboutiquepenang.com,,ready
241,Bayview Beach Resort Penang,Resort,bayviewbeach@bayviewhotels.com,,04-886 1111,,bayviewbeach@bayviewhotels.com,,ready
242,Bayview Hotel Langkawi,Hotel,bayviewlangkawi@bayviewhotels.com,,04-966 1818,,bayviewlangkawi@bayviewhotels.com,,ready
243,Chulia Heritage Hotel,Hotel,chuliaheritagehotel@yahoo.com,,04-263 3380,,chuliaheritagehotel@yahoo.com,FREEMAIL,ready
244,Eastin Hotel Penang,Hotel,marcom@eastin.com,,04-612 1111,,marcom@eastin.com,,ready
245,SUNWAY LAGOON SDN BHD,Theme Park,ask_lagoon@sunway.com.my,,603 5639 0000,,ask_lagoon@sunway.com.my,,ready
246,Entopia by Penang Butterfly Farm,Tourist Attraction,sales@entopia.com,,(604) 8888 111,,sales@entopia.com,,ready
247,Raia Hotel & Convention Centre Alor,SeHtoatrel,info@raiahotels.com.my,,04- 740 3666,,info@raiahotels.com.my,,ready
248,SKYTREX Adventure Langkawi,Adventure Park,langkawi@skytrex-adventure.com,,019-280 5679,,langkawi@skytrex-adventure.com,,ready
249,Splash Out Langkawi,Water Park,enquiry@splashoutlangkawi.com,,04-961 1704,,enquiry@splashoutlangkawi.com,,ready
250,Lost World of Tambun Theme Park,Theme Park,lostworldoftambun@sunway.com.my,,605 542 8888,,lostworldoftambun@sunway.com.my,,ready
251,Bukit Merah Laketown Waterpark,Water Park,sales.kl@bukitmerahresort.com.my,,05 890 8888,,sales.kl@bukitmerahresort.com.my,,ready
252,The TOP Penang,Tourist Attraction,sales@thetop.com.my,,04-375 9800,,SALES@THETOP.COM.MY,,ready
253,A'Famosa Resort,Resort,booking@afamosa.com,,06-552 0888,,booking@afamosa.com,,ready
254,AirAsia Group Berhad,Airline,dpo_my@airasia.com,foundation@airasia.com,04-886 1111,,dpo_my@airasia.com / foundation@airasia.com,MULTIPLE_EMAILS,ready
255,Zoo Negara,Zoo,marketing@zoonegaramalaysia.my,,603-4108 3422,,marketing@zoonegaramalaysia.my,,ready
256,Berjaya Times Square Theme Park S,dnT Bhehmde Park,tpcoordinator@timessquarekl.com,,03-2117 3118,,tpcoordinator@timessquarekl.com,,ready
257,Escape Theme Park,Theme Park,info@escape.my,,6017-797 7529,,info@escape.my,,ready
258,Genting Group,Conglomerate,gbinfo@genting.com,,603 2718 1118,,gbinfo@genting.com,,ready
259,Hotel Seri Malaysia,Hotel,info@hsmpenang.serimalaysia.com.my,,606-765 2828,,info@hsmpenang.serimalaysia.com.my,,ready
260,Laguna Bidara Beach Resort,Resort,reservation@lagunabidarabeaachresort.com.my,,06-385 3106,,reservation@lagunabidarabeaachresort.com.my,,ready
261,Langkawi Adventure & X-Treme Park,Adventure Park,ecofunpark@gmail.com,,017-775 6460,,ecofunpark@gmail.com,FREEMAIL,ready
262,Legoland,Theme Park,info@legoland.my,,07-597 8888,,info@LEGOLAND.my,,ready
263,Lexis Hibiscus Port Dickson,Resort,reservations@lexis.my,,06-660 2626,,reservations@lexis.my,,ready
264,Malaysia Tourism Promotion Board,Government Body,enquiries@tourism.gov.my,,603-8891 8000,,enquiries@tourism.gov.my,,ready
265,Avillion Port Dickson,Resort,res@avillionportdickson.com,,606 649 0388,,res@avillionportdickson.com,,ready
266,Grand Lexis Port Dickson,Resort,reservations@grandlexispd.com,,606 653 2000,,reservations@grandlexispd.com,,ready
267,Thistle Port Dickson Resort,Resort,info@thistle.com.my,,60 6-648 2828,,info@thistle.com.my,,ready
268,Avillion Admiral Cove,Resort,res@avillionadmiralcove.com,,606 647 0888,,res@avillionadmiralcove.com,,ready
269,Corus Paradise Resort,Resort,salesmktg@corusparadisepd.com,,606-647 7600,,salesmktg@corusparadisepd.com,,ready
270,Attana Hotels & Resorts,Hotel Management,info@attanahotels.com,,606-662 6800,,info@attanahotels.com,,ready
271,Glory Beach Resort,Resort,office@thenest.art,,606-651 6888,,office@thenest.art,,ready
272,De Valda's Chalet,Accommodation,devaldaschalet@gmail.com,,6017-666 4796,,devaldaschalet@gmail.com,FREEMAIL,ready
273,Bayu Beach Resort Port Dickson,Resort,exec@bayubeach.com.my,,606-6473 703,,exec@bayubeach.com.my,,ready
274,D'Wharf Hotel & Serviced Residence,Hotel,resvn@dwharfhotel.com,,606-646 1888,,resvn@dwharfhotel.com,,ready
275,Capital O Bustani Hotel,Hotel,reservation@bustanihotel.com,,04- 917 7777,,reservation@bustanihotel.com,,ready
276,Wet World Shah Alam,Water Park,sales.wwsa@owg.com.my,,6017-2890500,,sales.wwsa@owg.com.my,,ready
277,The Banjaran Hotsprings Retreat,Resort,legal@guestreservations.com,,8662663306,,legal@guestreservations.com,,ready
278,AEON CO. (M) BHD.,Retail,feedback@aeonretail.com.my,,1-300-80-2366,,feedback@aeonretail.com.my,DUPLICATE_EMAIL,ready
279,Emart Holdings Sdn Bhd,Retail / Supermarket,customerservice@emart.my,,082-687 985,,customerservice@emart.my,,ready
280,Jaya Grocer,Retail / Supermarket,customer@jayagrocer.com,,1-300-88-5427,,customer@jayagrocer.com,,ready
281,Sam's Groceria Straits Quay,Retail / Supermarket,customercare@samsgroceriasq.my,,04-890-4958,,customercare@samsgroceriasq.my,,ready
282,SOGO (K.L.) Department Store Sdn. B,hRde.tail / Department Store,enquiry@sogo.com.my,,603 2618 1888,,enquiry@sogo.com.my,,ready
283,Village Grocer,Retail / Supermarket,customerservice@villagegrocer.com.my,,03-6143 1366,,customerservice@villagegrocer.com.my,,ready
284,Lotuss Stores (Malaysia) Sdn Bhd,Retail / Supermarket,lotusshelpline@lotuss.com.my,,1300 13 1313 / 1-300-13-1313,,lotusshelpline@lotuss.com.my,,ready
285,1st Avenue,Shopping Mall,info@1st-avenuepenang.com.my,,604-261 1121,,info@1st-avenuepenang.com.my,,ready
286,Prangin Mall,Shopping Mall,info@prangin-mall.com,,60(4) 262 2233,,info@prangin-mall.com,,ready
287,Straits Quay Retail Marina Managem,enSthopping Mall,info@straitsquay.com,,604 899 5228,,info@straitsquay.com,,ready
288,New World Park,Shopping / Dining,newworldpark@ppb.com.my,,604-2261199,,newworldpark@ppb.com.my,,ready
289,Gurney Paragon Mall,Shopping Mall,theinly@hunzagroup.com,,604 6090 688,,theinly@hunzagroup.com,,ready
290,Gurney Plaza,Shopping Mall,gurneyplaza@capitaland.com,,04 -2228111,,gurneyplaza@capitaland.com,,ready
291,Berjaya Times Square Management,CoMrpaollr Mataionnagement,general@timessquarekl.com,,1-300-88-8988,,general@timessquarekl.com,,ready
292,IOI City Mall Sdn Bhd,Shopping Mall,ioicitymall@ioigroup.com,,(+603) 8328 8900,,ioicitymall@ioigroup.com,,ready
293,Pavilion Kuala Lumpur,Shopping Mall,customerservice@pavilion-kl.com,,603-2118 8833,,customerservice@pavilion-kl.com,,ready
294,Suria KLCC Sdn Bhd,Shopping Mall,info@suriaklcc.com.my,,603-23822828,,info@suriaklcc.com.my,,ready
295,GCH Retail (M) Sdn Bhd.,Retail,customersupport@giant.com.my,,603-7723 9393,,customersupport@giant.com.my,DUPLICATE_EMAIL,ready
296,Aman Central,Shopping Mall,cs@amancentral.com.my,,04-735 2626,,cs@amancentral.com.my,,ready
297,Setia City Mall,Shopping Mall,concierge@setiacitymall.com,,03-3375 8688,,concierge@setiacitymall.com,,ready
298,SACC Mall,Shopping Mall,infosacc@prec.my,,03-5510 5400,,infosacc@prec.my,,ready
299,Star Avenue Lifestyle Mall,Shopping Mall,staravenue@mahsing.com.my,,603 7734 1165,,staravenue@mahsing.com.my,,ready
300,THE STORE CORPORATION SDN BH,DRetail / Supermarket,customerservice@tstore.com.my,,603 – 7960 3233,,customerservice@tstore.com.my,,ready
301,MR. DOLLAR SDN. BHD.,Retail,enquiry@mrdiy2u.com,,603-8961 1338,,enquiry@mrdiy2u.com,DUPLICATE_EMAIL,ready
302,HeroMarket,Retail / Supermarket,feedback@myhero.com.my,,60122431344,,feedback@myhero.com.my,,ready
303,Billion Shopping Centre,Retail / Supermarket,customerservice@billiongroup.com.my,,603-8724 1224,,customerservice@billiongroup.com.my,,ready
304,LuLu Hypermarket Kuala Lumpur,Retail / Supermarket,customercaremy@luluhypermarket.com,,017-644 4200,,customercaremy@luluhypermarket.com,,ready
305,Mercato Pavilion,Retail / Supermarket,customersupport@giant.com.my,,03-7723-9393,,customersupport@giant.com.my,DUPLICATE_EMAIL,ready
306,GISB Holdings,Conglomerate,enquiry@gisbh.com,,03 6094 1548,,enquiry@gisbh.com,,ready
307,NSK Trading Sdn. Bhd.,Retail / Supermarket,nsktradecity@nskgroup.com.my,,603-6120 7487,,nsktradecity@nskgroup.com.my,,ready
308,The Gardens Mall,Shopping Mall,concierge@midvalleygardens.com.my,,03 – 2297 0288,,concierge@midvalleygardens.com.my,,ready
309,YAT FONG HERBS 'N' HERBS,Retail / Healthcare,yatfong@live.com,,05-458 3163,,yatfong@live.com,FREEMAIL,ready
310,1 Utama Shopping Centre,Shopping Mall,custserv@1utama.com.my,,603-7710 8118,,custserv@1utama.com.my,,ready
311,Sunway Putra Mall,Shopping Mall,spmmarketing@sunway.com.my,,603-7494 3000,,spmmarketing@sunway.com.my,,ready
312,Bangsar Shopping Center,Shopping Mall,bsc@brdb.com.my,,603-2094 7700,,bsc@brdb.com.my,,ready
313,Ipoh Parade,Shopping Mall,promotions@ipoh.parade.com,,605 2410 885,,promotions@ipoh.parade.com,,ready
314,1 Mont Kiara,Shopping Mall,concierge@1mk.com.my,,603 6203 0615,,concierge@1mk.com.my,,ready
315,Ben's Independent Grocer,Retail / Supermarket,contactus@big.com.my,,03-6205 2036,,contactus@big.com.my,,ready
316,Qra,Retail / Supermarket,info@qrafoods.com,,019-321 8550,,info@qrafoods.com,,ready
317,Servay Malaysia,Retail / Supermarket,admin@servayonline.com,,011-6974 3932,,admin@servayonline.com,,ready
318,Happy Fresh Malaysia,Online Grocery,customersupport@giant.com.my,,03-9212 0192,,customersupport@giant.com.my,DUPLICATE_EMAIL,ready
319,Bamboo Catering,F&B / Catering,enquire@bamboobuffet.com,,04-6469999,,enquire@bamboobuffet.com,,ready
320,BBQ plaza,F&B / Restaurant,andrew.wyk@gmail.com,,016-8679313,,andrew.wyk@gmail.com,FREEMAIL,ready
321,AB Design & Printing,Media / Printing,abdesignprinting@gmail.com,,04-729 1318,,abdesignprinting@gmail.com,FREEMAIL,ready
322,Ace Canning Corporation Sdn Bhd,Manufacturing,ace@acecanning.com,,03-3362 2828,,ace@acecanning.com,,ready
323,Adabi Consumer Industries Sdn Bhd,F&B,info@hwgroup.my,,603-6092 3677,,info@hwgroup.my,,ready
324,Torto Food Industries m sdn bhd,F&B,info@tortofood.com,,604 - 501 7501,,info@tortofood.com,,ready
325,Aeo Freight Sdn Bhd,Logistics,group.cs-pen@aeofreight.com,,604-6384008,,group.cs-pen@aeofreight.com,,ready
326,Aerosystem Tour & Travel Sdn Bhd,Travel,expressmayangsari@yahoo.com,,069850284,,expressmayangsari@yahoo.com,FREEMAIL,ready
327,Ayam Brand Malaysia,F&B,contest@ayambrand.com.my,,,,contest@ayambrand.com.my,,ready
328,Behn Meyer Foundation,Government / Foundations / NGOs,,,,behnmeyer.com.my,Not in source,NO_EMAIL,needs_review
329,Beryl's Chocolate & Confectionery Sd,nF B&hBd,beryls@berylschocolate.com,,03-7980 2211,,beryls@berylschocolate.com,,ready
330,BJC Foods (Malaysia) Sdn Bhd,F&B,info@bjcfoods.com,,03-5542 0140,,info@bjcfoods.com,,ready
331,Boh Plantations Sdn Bhd,F&B,info@boh.com.my,,05-493 1153,,info@boh.com.my,,ready
332,Canon Marketing (M) Sdn Bhd,Retail / Tech,lilian_chin@cmm.canon.com.my,,03-7844 7534,,lilian_chin@cmm.canon.com.my,,ready
333,Capital Food Distributor Sdn Bhd,F&B,info@capitalfood.com.my,,03-87337117,,info@capitalfood.com.my,,ready
334,Caring Pharmacy Sun Protection,Sun Care / Skincare,customercare@caringpharmacy.com.my,,,,customercare@caringpharmacy.com.my,,ready
335,Coleman Malaysia,Sports Equipment / Apparel,enquiry@coleman.com.my,,,,enquiry@coleman.com.my,,ready
336,Columbia Sportswear Malaysia,Sports Equipment / Apparel,,,,https://www.columbiamalaysias.com/,Not in source,NO_EMAIL,needs_review
337,Delfi Marketing Sdn Bhd,F&B,chiyan.lim@delfimarketing.com,,03-5123 3300,,chiyan.lim@delfimarketing.com,,ready
338,Eau Claire Mineral Water Sdn Bhd,F&B,enquiries@eauclairewater.com,,03-2282 4155,,enquiries@eauclairewater.com,,ready
339,Edible Specialities Sdn Bhd,F&B,info@ediblespecialities.com.my,,03-55411130,,info@ediblespecialities.com.my,,ready
340,Excim,Corporate / Finance,,,,https://exsim.com.my/,Not in source,NO_EMAIL,needs_review
341,FABER CASTELL,Retail / Lifestyle,info@faber-castell.com.my,,603-8024 6363,,info@faber-castell.com.my,,ready
342,FFM Marketing Sdn Bhd,F&B,marketing@ffmb.com.my,,04-390 3903,,marketing@ffmb.com.my,,ready
343,Fine Food Network Sdn Bhd,F&B,andyyap.ffn@gmail.com,,rk0.c3o-7m831 3871,,andyyap.ffn@gmail.com / gessie@finefoodsnetwo,FREEMAIL,ready
344,First Grade Resources Sdn Bhd,Corporate / Finance,info@firstgraderesources.com,,6045060764,,info@firstgraderesources.com,,ready
345,Fitbar Malaysia Official,F&B,fitbar.malaysia2023@gmail.com,,,,fitbar.malaysia2023@gmail.com,FREEMAIL,ready
346,Franevyns Beaute International Sdn,BhSdun Care / Skincare,info@laderm.net,,604-530 5008 / 604-537 2001,,info@laderm.net,,ready
347,Gamuda Berhad,Property / Developer,admin@yayasangamuda.my,,603 74913200,,admin@yayasangamuda.my,,ready
348,Gary Chua Foundation,Government / Foundations / NGOs,,,012-707 9488,,Not in source,NO_EMAIL,needs_review
349,GBA Corporation Sdn Bhd,F&B,enquiry@gbaglobal.com,,03-8022 8888,,enquiry@gbaglobal.com,,ready
350,Grab Malaysia,Travel / Hospitality,,,,http://help.grab.com,Not in source,NO_EMAIL,needs_review
351,H&W Food Industry Sdn Bhd,F&B,info@hwfood.com.my,,604-5381581,,info@hwfood.com.my,,ready
352,Hard Rock Cafe Penang,F&B / Hospitality,alanna.rebecca@hardrockhotels.net,,,,alanna.rebecca@hardrockhotels.net,,ready
353,Hua Huat Manufacturing Sdn Bhd,F&B,info@bika.com.my,,07-3571688,,info@bika.com.my,,ready
354,Inside scoop,F&B,aiskirim@insidescoop.com.my,,04-6374735,,aiskirim@insidescoop.com.my,,ready
355,Inter Chain Supply Sdn Bhd,Logistics,interchainsupply@gmail.com,,012-7713383,,interchainsupply@gmail.com,FREEMAIL,ready
356,Kara Marketing (M) Sdn Bhd,F&B,online@kara.com.my,,03-8061 1199,,online@kara.com.my,,ready
357,Keko Manufacturing (M) Sdn Bhd,F&B,sales@glinter.com.my,,04-5515582,,sales@glinter.com.my,,ready
358,Kenzene Trading (M) Sdn Bhd,F&B,info@kenzene.com,,03-89488227,,info@kenzene.com,,ready
359,Les' Copaque Production Sdn Bhd,Media / Entertainment,webmaster@lescopaque.com,,603-5511 8089,,webmaster@lescopaque.com,,ready
360,Lipton Teas And Infusions Malaysia,SdFn& BBhd,customerservice.malaysia@lipton.com,,03-2201 0015,,customerservice.malaysia@lipton.com,,ready
361,Luminance Marketing Sdn Bhd,Sun Care / Skincare,sales@miladopizmalaysia.com,,04-8249033,,sales@miladopizmalaysia.com,,ready
362,LUNACARE Sdn Bhd,Sun Care / Skincare,sales.lunacare@gmail.com,,016 921 4938,,sales.lunacare@gmail.com,FREEMAIL,ready
363,Malaysia New Zealand Foundation,Government / Foundations / NGOs,enquiry@emgs.com.my,,,,enquiry@emgs.com.my,,ready
364,MIIZU Distributor Sdn Bhd,F&B,sales@miizu.my,,011-33112845,,sales@miizu.my,,ready
365,Mondelez Malaysia Sales Sdn Bhd,F&B,azizi.rosli@mdlz.com,,1800881939,,azizi.rosli@mdlz.com,,ready
366,MPH BOOKSTORES SDN BHD,Retail / Lifestyle,kylieyow@mph.com.my,,603-7955 1090,,kylieyow@mph.com.my,,ready
367,Mydin Mohamed Holdings Berhad,Retail / Supermarket,webmaster@mydin.com,,03-8073 6000,,webmaster@mydin.com,,ready
368,New Star Food Industries Sdn Bhd,F&B,hello@mysnekku.com,,07-4559195 / 017-6165535,,hello@mysnekku.com,,ready
369,Nutrifres Food & Beverages Industrie,s FS&dBn Bhd,info@nutrifres.com.my,,03-7845 4968,,info@nutrifres.com.my,,ready
370,PE Skin Professional,Sun Care / Skincare,peskinpro.info@gmail.com,,012-5164394,,peskinpro.info@gmail.com,FREEMAIL,ready
371,Pizza Hut Restaurants Sdn Bhd,F&B,customer.service@pizzahut.com.my,,603-2026 3388,,customer.service@pizzahut.com.my,,ready
372,POWER ROOT MARKETING SDN BHD,F&B,sales@powerroot.com.my,,603 6272 0303,,sales@powerroot.com.my,,ready
373,Printcloud,Media / Printing,,,,Contact Us,Not in source,NO_EMAIL,needs_review
374,Protigam Food Industries Sdn Bhd,F&B,protigam.food@gmail.com,,04-331858593,,protigam.food@gmail.com,FREEMAIL,ready
375,PS Sales & Distribution Sdn Bhd,F&B,team.psfood@gmail.com,,03-3292 9533,,team.psfood@gmail.com,FREEMAIL,ready
376,Rinda Food Industries Sdn Bhd,F&B,talk2us@rinda.com.my,,04-5081111,,talk2us@rinda.com.my,,ready
377,Sani Express Sdn Bhd,Travel,saniutd1@gmail.com,,6097648964,,saniutd1@gmail.com,FREEMAIL,ready
378,Serba Wangi Sdn Bhd,F&B,info@malaysiarice.com,,04-735 5620,,info@malaysiarice.com,,ready
379,Social Hero Foundation,Government / Foundations / NGOs,socialherofoundation@gmail.com,,,,socialherofoundation@gmail.com,FREEMAIL,ready
380,Sri Ternak Group Of Companies,Retail / Supermarket,inquiry@sriternak.com,,6045060764,,inquiry@sriternak.com,,ready
381,Syarikat Muda Osman Sdn. Bhd,Retail / Lifestyle,online@smobookstores.com,,09-7733555,,online@smobookstores.com,,ready
382,TC Boy Marketing Sdn Bhd,F&B,consumercare@tcboy.com.my,,03-55130933,,consumercare@tcboy.com.my,,ready
383,Tea Peng King,F&B,tpklegacy2209@yahoo.com,,,,Tpklegacy2209@yahoo.com,FREEMAIL,ready
384,Tenaga Nasional Bhd,Corporate / Finance,tnbcareline@tnb.com.my,,1-300-88-5454,,tnbcareline@tnb.com.my,,ready
385,The North Face Malaysia,Sports Equipment / Apparel,,,,Contact Us,Not in source,NO_EMAIL,needs_review
386,Thomyam Food Industries Sdn Bhd,F&B,thomyamfood@hotmail.com,,09-5664099,,thomyamfood@hotmail.com,FREEMAIL,ready
387,TMF Trading Sdn Bhd,F&B,tmfmarket@gmail.com,,04-3236636,,tmfmarket@gmail.com,FREEMAIL,ready
388,Two Third Cafe,F&B,,,012-477 2656,,Not in source,NO_EMAIL,needs_review
389,URC Snack Foods (Malaysia) Sdn Bh,dF&B,customercare@urc.com.my,,1800881872,,customercare@urc.com.my,,ready
390,Vector Gear,Sports Equipment / Apparel,,,,https://www.vectorofficial.com/,Not in source,NO_EMAIL,needs_review
391,Venture Ice Cream Sdn Bhd,F&B,contact-us@venture.com.sg,,03-7880 0800,,contact-us@venture.com.sg,,ready
392,Warisan TC Holdings Berhad,Corporate / Finance,corporate@warisantc.com,,,,corporate@warisantc.com,,ready
393,Yayasan Bandaraya Johor Bahru,Government / Foundations / NGOs,ybjb@hotmail.com,,,,ybjb@hotmail.com,FREEMAIL,ready
394,Yayasan Didik Negara,Government / Foundations / NGOs,info@yayasandidik.com,,,,info@yayasandidik.com,,ready
395,Yayasan Pahang,Government / Foundations / NGOs,ypahang@yp.org.my,,,,ypahang@yp.org.my,,ready
396,Yayasan Sultan Iskandar,Government / Foundations / NGOs,ysij1984@gmail.com,,,,ysij1984@gmail.com,FREEMAIL,ready
397,Yayasan TM (Telekom Malaysia),Government / Foundations / NGOs,yayasantm.edu@tm.com.my,,,,yayasantm.edu@tm.com.my,,ready
398,Yusuf Taiyoob Sdn Bhd,F&B,yuta@yuta.com,,-2626623,,yuta@yuta.com,,ready
399,Zhafou Global Sdn Bhd,Retail / Healthcare,fgwalet@zhafou.my,,03-58887077 / 0127076411,,fgwalet@zhafou.my,,ready
400,ZHULIAN Corporation Berhad,Corporate / Finance,info@zhulian.com,,604-616 2020,,info@zhulian.com,,ready
401,ZnZ Niaga Sdn Bhd,F&B,zzniaga@yahoo.com,,609-9751970,,zzniaga@yahoo.com,FREEMAIL,ready
402,Genting SkyWorlds Theme Park,Theme Park,ir.genm@genting.com,,,,ir.genm@genting.com,,ready
403,Econsave Cash & Carry Sdn. Bhd,Retail / Supermarket,customer_support@econsave.com.my,,,,customer_support@econsave.com.my,,ready
404,Ceria 99,Retail,,,04-507 7999,,Not in source,NO_EMAIL,needs_review
405,MYNEWS HOLDINGS BERHAD,Retail / Convenience,mynewscareline@mynews.com.my,,,,mynewscareline@mynews.com.my,,ready
406,The Punjab Jewellers,Retail / Jewellery,,,,https://thepunjabjewellers.ca/,Not in source,NO_EMAIL,needs_review
407,1 Family Foundation,Government / Foundations / NGOs,,,,,Not in source,NO_EMAIL,needs_review
408,Aducktive Food Sdn Bhd,F&B,aducktive.food@gmail.com,,,,aducktive.food@gmail.com,FREEMAIL,ready
409,Asia Food & Beverages Sdn Bhd,F&B,info@asiafoodnbeverage.com,,,,info@asiafoodnbeverage.com,,ready
410,Beverages Marketing (M) Sdn Bhd,F&B,sundrop@beverages.com.my,,,,sundrop@beverages.com.my,,ready
411,Biersdorf Malaysia Bhd,Corporate / Finance,,,60 3-3343 4888,,Not in source,NO_EMAIL,needs_review
412,Big Tree Outdoor,Media / Advertising,,,,,Not in source,NO_EMAIL,needs_review
413,Burger King,F&B,customercare@burgerking.com.my,,,,customercare@burgerking.com.my,,ready
414,Campbell Malaysia,F&B,,,03 7787 6288,,Not in source,NO_EMAIL,needs_review
415,Chek Hup Sdn. Bhd,F&B,sales@chekhup.com.my,,,,sales@chekhup.com.my,,ready
416,CIMB,Corporate / Finance,,,,,Not in source,NO_EMAIL,needs_review
417,Clouet (Malaysia) Sdn Bhd,F&B,,,03-5191 1069,,Not in source,NO_EMAIL,needs_review
418,Cocon Industries Sdn Bhd,F&B,hllim@cocon.com.my,,,,hllim@cocon.com.my,,ready
419,COSTA COFFEE MALAYSIA,F&B,,,,,Not in source,NO_EMAIL,needs_review
420,Dareo Integrated Sdn Bhd,F&B,hr1@dareochocolate.com,,,,hr1@dareochocolate.com,,ready
421,Domino Pizza,F&B,contactus.my@dominos.com.my,,,,contactus.my@dominos.com.my,,ready
422,DUNKIN' DONUTS,F&B,,,,,Not in source,NO_EMAIL,needs_review
423,Eastroc Beverage (Malaysia) Sdn Bh,dF&B,enquiry@myeastroc.com,,,,enquiry@myeastroc.com,,ready
424,Edaran Otomobil Nasional Berhad,Corporate / Finance,proton@eon.com.my,,,,proton@eon.com.my,,ready
425,Eucerin Sun Protection,Sun Care / Skincare,,,,,Not in source,NO_EMAIL,needs_review
426,Foot Locker MY,Retail / Lifestyle,,,,,Not in source,NO_EMAIL,needs_review
427,Gatsby,Sports Medicine / Health,,,,,Not in source,NO_EMAIL,needs_review
428,Glico Malaysia Sdn Bhd,F&B,,,03-322422855,,Not in source,NO_EMAIL,needs_review
429,Global Open Learning Foundation,Government / Foundations / NGOs,,,,,Not in source,NO_EMAIL,needs_review
430,Himalaya Sports Candy,F&B,,,,,Not in source,NO_EMAIL,needs_review
431,Huawei Malaysia,Corporate / Finance,,,,,Not in source,NO_EMAIL,needs_review
432,IJM Land,Property / Developer,,,,,Not in source,NO_EMAIL,needs_review
433,Indadi Utama (M) Sdn Bhd,Corporate / Finance,nazirah@ium.com.my,,,,nazirah@ium.com.my,,ready
434,Jerak Madu Pak Ali,F&B,,,,,Not in source,NO_EMAIL,needs_review
435,Kellogg Asia Marketing Inc,F&B,,,03-77180800,,Not in source,NO_EMAIL,needs_review
436,KFC Holdings (Malaysia) Sdn Bhd,F&B,,,03-2026 3388,,Not in source,NO_EMAIL,needs_review
437,Khee San Food Industries Sdn Bhd,F&B,winniekoay@kheesanfood.com,,,,winniekoay@kheesanfood.com,,ready
438,Kim Guan Chuan Trading Sdn Bhd,F&B,kimguanchuan@gmail.com,,,,kimguanchuan@gmail.com,FREEMAIL,ready
439,Kraft Foods Manufacturing Malaysia,SFd&nB Bhd,contactusmalaysia@kraftfoods.com,,,,contactusmalaysia@kraftfoods.com,,ready
440,Kwantas Corporation Berhad,Corporate / Finance,,,,,Not in source,NO_EMAIL,needs_review
441,Mah Sing Foundation,Property / Developer,,,,,Not in source,NO_EMAIL,needs_review
442,Malaysia Entrepreneur Fund Foundat,ioGnovernment / Foundations / NGOs,,,,,Not in source,NO_EMAIL,needs_review
443,Marigold,F&B,,,,,Not in source,NO_EMAIL,needs_review
444,Marrybrown,F&B,mbcare@marrybrown.com,,,,mbcare@marrybrown.com,,ready
445,Mayora Malysia Sdn Bhd,F&B,consumer@mayora.co.id,,,,consumer@mayora.co.id,,ready
446,Mighty White Sdn Bhd,F&B,marketing@mightywhite.com.my,,,,marketing@mightywhite.com.my,,ready
447,Monster Energy Malaysia,F&B,,,,,Not in source,NO_EMAIL,needs_review
448,N8 Sports Nutrition,Sports Medicine / Health,,,,,Not in source,NO_EMAIL,needs_review
449,Nabati Food Malaysia Sdn Bhd,F&B,,,03-78596150,,Not in source,NO_EMAIL,needs_review
450,Niaga Saham,Corporate / Finance,,,,,Not in source,NO_EMAIL,needs_review
451,Nicko Jeep Manufacture Sdn Bhd,F&B,sarah.toolseram@bigfoot.my,,,,sarah.toolseram@bigfoot.my,,ready
452,Nutriplus,F&B,,,60 3-3343 4888,,Not in source,NO_EMAIL,needs_review
453,OOHM International Holdings Sdn Bh,dMedia / Advertising,,,,,Not in source,NO_EMAIL,needs_review
454,Penang Global Tourism,Government / Foundations / NGOs,,,,,Not in source,NO_EMAIL,needs_review
455,PILOT PEN,Retail / Lifestyle,,,,,Not in source,NO_EMAIL,needs_review
456,Proteinlab,F&B,,,,,Not in source,NO_EMAIL,needs_review
457,RECRON MALAYSIA SDN.BHD,Corporate / Finance,,,,,Not in source,NO_EMAIL,needs_review
458,Revive Isotonic,F&B,,,,,Not in source,NO_EMAIL,needs_review
459,Saltycustom,Media / Merch,,,,,Not in source,NO_EMAIL,needs_review
460,Shiseido Anessa,Sun Care / Skincare,,,,,Not in source,NO_EMAIL,needs_review
461,Skyworth,Tech / Audio,,,,,Not in source,NO_EMAIL,needs_review
462,Socma Trading Sdn Bhd,F&B,marketing@socma.com.my,,,,marketing@socma.com.my,,ready
463,SpanCo,Corporate / Finance,,,,,Not in source,NO_EMAIL,needs_review
464,Sportmart,Sports Equipment / Apparel,,,,,Not in source,NO_EMAIL,needs_review
465,SUBAIDAH HOLDINGS SDN.BHD,F&B,,,,,Not in source,NO_EMAIL,needs_review
466,Sunlac,F&B,sunlac814@gmail.com,,,,sunlac814@gmail.com,FREEMAIL,ready
467,Suntory Beverage & Food Malaysia S,dnF &BBhd,,,03-7717 6200,,Not in source,NO_EMAIL,needs_review
468,Swissen,Sports Medicine / Health,,,,,Not in source,NO_EMAIL,needs_review
469,Syarikat Kilang Rempah Jaya Sakti S,dnF &BBhd,currymata@gmail.com,,,,currymata@gmail.com,FREEMAIL,ready
470,Taisho Pharmaceutical (M) Sdn Bhd,Sports Medicine / Health,alaric.leow@hoepharma.com.my,,,,alaric.leow@hoepharma.com.my,,ready
471,Tanamera Tropical Spa Products,Sun Care / Skincare,,,,,Not in source,NO_EMAIL,needs_review
472,Teik Senn (M) Sdn Bhd,Corporate / Finance,,,012 2825 789,,Not in source,NO_EMAIL,needs_review
473,Tepak Marketing Sdn Bhd,F&B,,,07-251 5969,,Not in source,NO_EMAIL,needs_review
474,The Tapping Tapir Sdn Bhd,F&B,thetappingtapir@gmail.com,,,,thetappingtapir@gmail.com,FREEMAIL,ready
475,The Vida World Sdn. Bhd.,F&B,,,,,Not in source,NO_EMAIL,needs_review
476,Tobaki,F&B,,,,,Not in source,NO_EMAIL,needs_review
477,UNIQLO (MALAYSIA) SDN. BHD,Retail / Lifestyle,,,,,Not in source,NO_EMAIL,needs_review
478,Vitaton (M) Sdn Bhd,Sports Medicine / Health,rudytee@vitaton.com.my,,,,rudytee@vitaton.com.my,,ready
479,Yee Lee Marketing Sdn Bhd,F&B,marketing@ylm.com.my,,,,marketing@ylm.com.my,,ready
480,7days,Not in source,,,,,Not in source,NO_EMAIL|NO_TYPE,needs_review
481,HAUSBOOM,Not in source,,,,,Not in source,NO_EMAIL|NO_TYPE,needs_review
482,Kalbe Malaysia Sdn Bhd,Not in source,,,,,Not in source,NO_EMAIL|NO_TYPE,needs_review
483,Mars Food Malaysia Sdn Bhd,Not in source,,,,,Not in source,NO_EMAIL|NO_TYPE,needs_review
484,Sri Nona Food Manfacturing Sdn Bhd,Not in source,,,,,Not in source,NO_EMAIL|NO_TYPE,needs_review
485,Sunqiuck Barkath,Not in source,,,,,Not in source,NO_EMAIL|NO_TYPE,needs_review
